Publisher,Country
Accountancy Age (UK),United Kingdom
"The Advertiser/Sunday Mail (Adelaide, South Australia)",Australia
Accounting Today,United States of America
Advertising Age,United States of America
ADWEEK,United States of America
Africa News,Congo
"The Age (Melbourne, Australia)",Australia
Airline Business,United States of America
The Australian,Australia
Australian Financial Review,Australia
Automotive News,United States of America
Baltic News Service,Estonia
The Banker,United Kingdom
BBC Monitoring: International Reports,United Kingdom
Belfast News Letter,United Kingdom
Belfast Telegraph,United Kingdom
Belfast Telegraph Online,United Kingdom
Billboard,United States of America
Birmingham Evening Mail,United Kingdom
Birmingham Post,United Kingdom
The Boston Globe,United States of America
Brand Strategy,United Kingdom
Brisbane News,Australia
Builder,United States of America
The Business,United Kingdom
Business Day (South Africa),South Africa
Business & Finance Magazine,Ireland
Business Monitor News,United States of America
The Business Times Singapore,Singapore
BusinessWorld,India
Canberra Times (Australia),Australia
CFO,United States of America
Chemical Week,United States of America
Chicago Tribune,United States of America
The Christian Science Monitor,United States of America
City A.M.,United Kingdom
CMP Information,United Kingdom
Computer Weekly,United Kingdom
Computing,United Kingdom
Contract Journal,United Kingdom
The Courier Mail/The Sunday Mail (Australia),Australia
Creative Review,United Kingdom
The Daily Mail and Mail on Sunday (London),United Kingdom
Daily News (New York),United States of America
Daily Record and Sunday Mail,United Kingdom
The Daily Telegraph (Australia),Australia
The Daily Telegraph (London),United Kingdom
Daily Variety,United States of America
The Dallas Morning News,United States of America
The Deal Pipeline,United States of America
Design Week,United Kingdom
Detroit Free Press (Michigan),United States of America
"The Dominion Post (Wellington, New Zealand)",New Zealand
The Dominion (Wellington),New Zealand
The Economist,United Kingdom
The Edge Malaysia,Malaysia
The Edge Singapore,Singapore
The Electricity Journal,United States of America
Electronics Weekly,United Kingdom
Employee Benefits,United Kingdom
The Engineer,United Kingdom
Euromoney,United Kingdom
The Evening Post (Wellington),New Zealand
The Evening Standard (London),United Kingdom
EXE,United Kingdom
The Express,United Kingdom
Farmers Weekly,United Kingdom
Financial Adviser,United States of America
Financial Director,United Kingdom
Financial Mail (South Africa),South Africa
"Financial Times (London, England)",United Kingdom
Het Financieele Dagblad,Netherland
Flight International,United Kingdom
Forbes,United States of America
The Gazette (Montreal),Canada
The Globe and Mail (Canada),Canada
The Grocer,United Kingdom
The Guardian(London),United Kingdom
The Herald (Glasgow),United Kingdom
"Herald Sun/Sunday Herald Sun (Melbourne, Australia)",Australia
Hobart Mercury/Sunday Tasmanian (Australia),Australia
The Independent (United Kingdom),United Kingdom
Industry Week,United States of America
Insurance Age,United Kingdom
International Money Marketing,United Kingdom
International New York Times,United States of America
The Investors Chronicle,United Kingdom
The Irish Times,Ireland
ITAR-TASS,Russia
The Japan News,Japan
The Japan Times,Japan
The Jerusalem Post,Israel
 ,Israel
Korea Herald,South Korea
Korea Times,South Korea
Los Angeles Times,United States of America
Maghreb Confidential,Morocco
Management Today,United Kingdom
Marketing Week,United Kingdom
"Mergers and Acquisitions, The Dealmaker's Journal",United States of America
The Miami Herald,United States of America
Mining Magazine,United Kingdom
The Mirror (The Daily Mirror and The Sunday Mirror),United Kingdom
mirror.co.uk,United Kingdom
Money Marketing,United Kingdom
Moscow News,Russia
The Moscow News (RIA Novosti),Russia
The Moscow Times,Russia
MTI Econews,Hungary
Music Week,United Kingdom
MWP Advanced Manufacturing,United Kingdom
The Nation (Thailand),Thailand
National Post (f/k/a The Financial Post)(Canada),Canada
New Media Age,United Kingdom
New Musical Express,United Kingdom
New Scientist,United Kingdom
New Straits Times (Malaysia),Malaysia
The New York Times,United States of America
The New Yorker,United States of America
The New Zealand Herald,New Zealand
The News of the World,United Kingdom
Newsday (New York),United States of America
Newsweek,United States of America
Nikkei Asian Review,Japan
Northern Territory News (Australia),Australia
The Observer(London),United Kingdom
Off Licence News,United Kingdom
Ottawa Citizen,Canada
The People,United States of America
Pharma Marketletter,United Kingdom
The Philadelphia Inquirer,United States of America
Plastics News (tm),United States of America
Platts Energy Business & Technology,United States of America
Platts Megawatt Daily,United States of America
Polish News Bulletin,Poland
Post Magazine,United Kingdom
Precision Marketing,United Kingdom
"The Press (Christchurch, New Zealand)",New Zealand
Process Engineering,United Kingdom
Professional Broking,United Kingdom
Reinsurance Magazine,United Kingdom
Retail Week,United Kingdom
Revolution,Singapore
Rubber & Plastics News,United States of America
Satellite Week,United States of America
South China Morning Post,China
standard.co.uk,United Kingdom
The Straits Times (Singapore),Singapore
The Sun (England),United Kingdom
The Sunday Herald (Glasgow),United Kingdom
The Sunday Times (London),United Kingdom
Sydney Morning Herald (Australia),Australia
Tampa Bay Times,United States of America
TechNews,China
telegraph.co.uk,United Kingdom
thetimes.co.uk,United Kingdom
The Times (London),United Kingdom
The Toronto Star,Canada
USA Today,United States of America
Utility Week,United Kingdom
Wall Street Journal Abstracts,United States of America
The Washington Post,United States of America
The Washington Times,United States of America
Waste News,United States of America
The Weekly Times,Australia
The West Australian (Perth),Australia
What's new in Industry,United Kingdom
THE KOREA HERRALD,South Korea
"The Sun Herald(Sydney, Australia)",Australia
USA TODAY,United States of America
The Courier Mail (Australia),Australia
The Sunday Mail (Asutralia),Australia
National Post (Canada),Canada
The Investors Chronicle - magazine and web content,United Kingdom
The New York Times - Interantional Edition,United States of America
BBC Monitoring Europe - Political,United Kingdom
Baltic News Service / - BNS,Estonia
BBC Monitoring Kiev Unit,United Kingdom
THE DALLAS MORNING NEWS,United States of America
adweek.com,United States of America
accountingtoday.con,United States of America
CFO.com,United States of America
Cabinet Maker,United Kingdom
Printing World,United Kingdom
Pulse,United Kingdom
Electronics Times,United Kingdom
Electronic Engineering Times UK,United Kingdom
Travel Trade Gazette Europa,Belgium
Wood Based Paneles International,United Kingdom
Computer Weekly,United Kingdom
The Lawyer,United Kingdom
Jerusalem Post,Israel
Daily Mirror,Australia
Africa Intelligence : Maghreb Confidential (EN),Morocco
The Sunday Mail (Asutralia),Australia
The Moscow Times,Russia
MWP Advanced Manufacturing (formerly Metalworking Production),United Kingdom
National Post (Canada),Canada
Hobart Mercury (Australia),Australia
Sunday Tasmanian (Australia),Australia